video_id,published_at
uY3P3hibg8I,2025-09-08T23:01:01Z
uDPGhtkZtGY,2025-09-08T08:01:02Z
IWSzmmDvv6E,2025-09-08T04:03:59Z
WYAtwLS2D6U,2025-09-07T23:00:35Z
eTnSCivJo8U,2025-09-05T10:01:18Z
RYpF2KL6aCc,2025-09-05T05:51:49Z
1oJAzI9sc8I,2025-09-05T00:00:03Z
RHwfGvlmEG0,2025-09-04T06:00:17Z
ONAbFDnakHE,2025-09-03T23:00:21Z
DJ55Ogz8sO4,2025-09-03T02:00:17Z
espxhNPLcCk,2025-09-02T23:00:42Z
es9bKpxqkAY,2025-09-02T09:00:58Z
VMlC8WdgS5g,2025-09-02T05:56:39Z
WsvTwybQ8sc,2025-09-01T23:00:36Z
jrRCm2wZ-2I,2025-08-27T23:00:50Z
SFHQJ4MKKEY,2025-08-27T00:12:19Z
i-1-rTvz9DE,2025-08-25T23:00:45Z
wf4JsUXz5yc,2025-08-22T00:10:51Z
kD0y4eZnvlE,2025-08-20T23:00:48Z
Bl0hExhFBVA,2025-08-19T23:00:13Z
z5iYle8p17s,2025-08-18T23:46:31Z
bvn93hJfKkQ,2025-08-17T23:00:30Z
PoPtezZ0IBc,2025-08-14T23:00:32Z
gBdtaCHPPVI,2025-08-13T23:00:50Z
7S9xZ2l_5wU,2025-08-12T23:00:06Z
zQ-IBCFyYK8,2025-08-11T23:00:57Z
3kI079NNRU0,2025-08-08T05:19:23Z
iul-kAaHKt4,2025-08-06T23:00:48Z
bSmqBnM-WnM,2025-08-06T08:00:46Z
hQ2fioJOztc,2025-08-05T23:00:39Z
0IW0JIWjvFU,2025-08-05T08:00:01Z
wNX4_EXM8GY,2025-08-04T23:01:01Z
8SzUFgIy45U,2025-08-04T09:00:19Z
8zwveg8ULgY,2025-08-04T08:00:08Z
SFyb94dcANc,2025-08-03T23:00:22Z
c-FtyimB3-o,2025-08-03T00:00:40Z
JQJBUjk7NoI,2025-08-02T00:00:28Z
VeKCoewLDMM,2025-08-01T02:00:28Z
YXsBeZ1T980,2025-07-31T23:00:27Z
_TjedVpZ20A,2025-07-31T08:00:47Z
E1LEGi9gupc,2025-07-31T02:00:17Z
Nudl73xFlB8,2025-07-30T23:00:22Z
4KkrBoNbYb8,2025-07-30T08:00:04Z
SYwWpl0XAy8,2025-07-29T23:00:35Z
8s_vJb_SlXo,2025-07-28T23:00:13Z
59yepoUzTHw,2025-07-28T02:00:05Z
BifU4c_GtCM,2025-07-26T01:00:19Z
SxP4dBBaIQg,2025-07-25T07:48:50Z
RFvU0IYigUU,2025-07-25T06:00:17Z
NR_fV3xbIDI,2025-07-23T23:00:19Z
F0e_Ez0aviM,2025-07-22T23:00:22Z
DW0GYW_JEcw,2025-07-22T00:03:36Z
we9LalMP_qo,2025-07-17T23:00:59Z
YAEU2yTbcxI,2025-07-17T00:00:38Z
5k0QQOuAU2k,2025-07-15T23:00:05Z
h0lTUUbzqb8,2025-07-15T02:30:36Z
lMEYWSpu174,2025-07-14T23:00:51Z
-pMIdsTeCQI,2025-07-14T03:00:00Z
LoRzdjQ9Nj8,2025-07-13T23:00:17Z
5GJ96gj-20o,2025-07-13T00:00:05Z
RV8gSkhI9b8,2025-07-12T11:00:43Z
JO-GZ5r8Umw,2025-07-12T00:00:32Z
Adlo5Wc_1j4,2025-07-11T08:00:15Z
bZ9pl7Sivd4,2025-07-11T05:30:27Z
Uc2aWlz0x7o,2025-07-10T23:51:38Z
kHq2NTZSrnk,2025-07-09T23:00:59Z
xMsan_6tBd0,2025-07-09T08:01:10Z
Kl0wRY-BJvs,2025-07-09T05:05:19Z
UI95TAGy6o0,2025-07-08T23:00:35Z
kPpmAjEcd7I,2025-07-08T08:38:15Z
fchKK_hxeVQ,2025-07-08T02:00:41Z
7W3St5Eb9Uk,2025-07-07T23:00:08Z
2D67I2qU-kQ,2025-07-07T08:29:02Z
rUmn_fPUjKY,2025-07-05T06:00:47Z
WVdsrRjVEfw,2025-07-05T00:00:42Z
rgKWThdyybU,2025-07-04T06:00:55Z
pE5i6XWN87Q,2025-07-03T23:00:56Z
SrWbcBqHa3A,2025-07-03T08:00:36Z
2DdvlmENF4A,2025-07-02T23:53:25Z
FQSzu5YSwMc,2025-07-02T08:57:13Z
cmNfjMHfnlY,2025-07-01T23:00:42Z
t1fP0imVzLM,2025-06-30T23:01:04Z
-yL2YYOdfxQ,2025-06-30T08:00:00Z
_5Cq6PBf9U4,2025-06-26T23:00:40Z
zK3jFOshSEc,2025-06-25T23:01:03Z
Kcv3dLHhr0A,2025-06-24T23:00:19Z
PASI2eIdhDo,2025-06-23T23:00:23Z
isUi8WxzYIg,2025-06-23T10:15:03Z
h3rBL04rO9s,2025-06-23T00:28:47Z
nHk_pehl39c,2025-06-19T23:01:00Z
-5-5DJNmh8A,2025-06-19T01:14:01Z
kyf2IL2Qjvo,2025-06-17T23:00:58Z
c-sGtp_MCBg,2025-06-17T00:01:58Z
z1fE4bI2clc,2025-06-15T00:00:58Z
p0h9BqK1G9o,2025-06-14T00:00:51Z
DPnXz_1vj9o,2025-06-13T09:19:50Z
etkCy-b1fac,2025-06-13T04:45:04Z
ExRINuRS6Sg,2025-06-12T23:00:15Z
uvg15RXk6jI,2025-06-12T08:00:55Z
V8gopiEjJ1Y,2025-06-12T02:10:28Z
QPYPZrcopYs,2025-06-11T23:00:24Z
L9JGXtO6vCg,2025-06-11T08:53:39Z
oA3ixDCbrVA,2025-06-09T23:00:50Z
ebVgfeqS37Y,2025-06-08T23:00:48Z
XINnJ7ENJAI,2025-06-05T06:00:34Z
Us21lI86w3Q,2025-06-04T06:00:33Z
gNsdevSlz9E,2025-06-03T06:00:28Z
KTjlLwmJ0qc,2025-06-03T02:00:14Z
00kb3TFhSh0,2025-06-02T23:00:00Z
rA_3jZbcQBM,2025-06-01T23:00:47Z
MjudjANUMas,2025-05-31T00:00:23Z
pG7hn16sjCk,2025-05-30T02:00:47Z
SOKgZcFSAnM,2025-05-29T23:00:28Z
vWaXSo1m-ig,2025-05-29T02:00:53Z
W7uMS_ekg6s,2025-05-28T23:00:27Z
eBW0U9AlHyU,2025-05-28T08:00:45Z
C1zE2KM9R50,2025-05-27T06:00:09Z
ZS0QcHdPoOc,2025-05-27T02:00:35Z
2oT8t2hCJkE,2025-05-26T23:52:47Z
EE0qk8qv6Yg,2025-05-22T23:00:12Z
_qz4lbq5y3Y,2025-05-21T23:00:40Z
ip9MDX8YK14,2025-05-21T06:00:38Z
aIWCJIT2G_M,2025-05-20T02:00:00Z
75g8RKGYxAI,2025-05-19T23:56:31Z
xPxAdFJlobA,2025-05-18T23:00:53Z
FCa8ChvpMe0,2025-05-18T00:00:14Z
9oOarbywaQA,2025-05-17T09:00:10Z
e-_ysKyKWJY,2025-05-17T00:00:42Z
la8_o4dXqkI,2025-05-16T08:00:54Z
sMebDZ1Vyfc,2025-05-16T06:00:44Z
HW7iZuC98Qw,2025-05-16T02:00:13Z
brkGzoSgkiE,2025-05-15T06:00:26Z
JM0OktPcxEQ,2025-05-15T02:00:16Z
dditfWqsoSE,2025-05-14T23:00:45Z
h8TzojoKUg0,2025-05-14T08:30:18Z
-ighbDuyBbQ,2025-05-14T08:00:01Z
VMr1Po-3Olw,2025-05-14T06:00:32Z
I3RQa_s7qEU,2025-05-14T02:00:15Z
TI81QKb-j78,2025-05-13T23:00:34Z
hM4yWKnLCyM,2025-05-13T09:02:18Z
puPs7poHpLc,2025-05-13T02:00:47Z
coNCQgbvaJE,2025-05-12T23:00:41Z
q2pS17SM1IY,2025-05-12T07:00:54Z
WKLohuEqbG8,2025-05-12T02:00:34Z
XCDGL73zx3g,2025-05-10T01:00:25Z
MKDMjpaQaNc,2025-05-09T08:00:20Z
ukDVobS8V-4,2025-05-09T04:01:07Z
fCyhY94BuzI,2025-05-09T01:24:29Z
MB54BqzvIo0,2025-05-08T05:03:30Z
kQz-uZUhF2k,2025-05-07T23:00:43Z
8y3mooLNmAQ,2025-05-06T23:00:12Z
5Ioo8l5jvNI,2025-05-06T06:00:06Z
6IY2ACil4es,2025-05-06T02:00:04Z
hdEZ5LHyf20,2025-05-06T00:00:56Z
_snz_1-rgvM,2025-05-05T06:00:35Z
teoa_NToazU,2025-05-05T02:00:57Z
2p9Qp1vwDwA,2025-05-03T02:00:07Z
3ftC7aZxtcU,2025-05-02T02:00:02Z
VnvfXWTQQps,2025-05-01T23:00:35Z
eX73KV1IFcU,2025-05-01T08:00:48Z
PiF9jVNysNE,2025-05-01T02:00:19Z
_0WlAVB5A2k,2025-04-30T08:00:43Z
ZzOtLVsLEY8,2025-04-30T06:00:38Z
9-axEbrXPK4,2025-04-29T02:00:07Z
9YnlZOTBA-E,2025-04-28T23:00:07Z
BE18FJ2syU8,2025-04-24T23:00:10Z
awW-xkhoiLo,2025-04-24T02:00:09Z
kNZAJa0h2bk,2025-04-23T23:00:42Z
Z_eojTTQ9vM,2025-04-23T01:00:29Z
L-dAtEca3Us,2025-04-21T23:00:16Z
2Hi_gNvk3Sg,2025-04-21T09:00:07Z
eehRLbIYDEo,2025-04-21T06:12:56Z
8qwiD0yoxsw,2025-04-18T09:00:26Z
F4UdlbkNVuo,2025-04-18T06:44:42Z
yucr_TaFPeQ,2025-04-17T23:01:00Z
gnyZZRsV66M,2025-04-17T00:00:55Z
MPNkQkvEW_Q,2025-04-16T08:30:13Z
UiIIQl6Q8G0,2025-04-14T23:00:35Z
M5BITECyuiA,2025-04-14T02:00:25Z
8TUqzBAW0h0,2025-04-12T00:00:17Z
DvsXvBSQgic,2025-04-10T23:00:10Z
gUa69lFmi-g,2025-04-09T23:00:39Z
rSkchiWU4gw,2025-04-09T09:01:10Z
L3gdqk60z9U,2025-04-08T06:00:23Z
hDlLle4rQ6k,2025-04-08T02:00:24Z
oTAImHM2su0,2025-04-07T23:00:40Z
YllID2utYsE,2025-04-07T09:00:40Z
nBKRiVOdZ2k,2025-04-05T00:00:45Z
F-yguKAu0bQ,2025-04-03T23:00:12Z
UQsU_PKVDAQ,2025-04-03T06:00:19Z
W9Btwv8StUk,2025-04-03T02:00:20Z
ivF4IRr9E4M,2025-04-02T23:00:39Z
cacx-xKcBSU,2025-04-02T09:00:46Z
WC-1jIzazeY,2025-04-02T06:05:28Z
9UJ86wxbxJw,2025-04-02T00:30:11Z
bfdQG4aQnjk,2025-04-01T09:23:26Z
CVQ7GxZbLok,2025-04-01T00:03:01Z
z_uHz2StYYA,2025-03-31T09:20:40Z
GMP5fejqwpY,2025-03-31T01:00:09Z
13k-TKoA86g,2025-03-29T00:00:00Z
-e7pNo3iGvo,2025-03-28T05:47:12Z
9aYD_zL-cC8,2025-03-27T06:00:09Z
xlun4c2eHxM,2025-03-27T02:00:29Z
2HK9CeOIwIQ,2025-03-26T23:52:43Z
TLxNL-mTU9A,2025-03-25T23:00:19Z
APbFCTIfqhM,2025-03-25T06:00:09Z
vFko-T4iIo4,2025-03-25T02:00:44Z
am-dLAUWtzo,2025-03-24T23:00:04Z
biD-m9kwBdY,2025-03-23T23:00:30Z
pvdbiVJ5EpY,2025-03-22T01:00:42Z
hwXCOcPBtuk,2025-03-21T06:00:33Z
K-XYIbbay4M,2025-03-20T23:00:28Z
5l-DUBrMsWI,2025-03-20T08:00:05Z
2bFzBS1z8Y4,2025-03-20T02:30:02Z
SDlfNugVwxo,2025-03-19T23:00:31Z
RYG6MToKmIM,2025-03-19T08:51:43Z
HkpQroDBwZg,2025-03-19T03:00:24Z
NrKxAkp4NVk,2025-03-18T06:00:27Z
ir_XQD-eZX8,2025-03-18T04:59:49Z
KkAdjrGxPdg,2025-03-17T23:00:28Z
xJpBO5j2yAs,2025-03-17T02:00:41Z
UMlGWgpYpNE,2025-03-14T08:03:00Z
wLK7HLXRu5g,2025-03-13T23:01:00Z
96zqyJlcif0,2025-03-12T23:00:07Z
350iha_tK1E,2025-03-12T06:00:01Z
7FBeshWlBTQ,2025-03-12T02:00:08Z
K-cZC7aGCvA,2025-03-11T02:00:21Z
shqtwu_xeDM,2025-03-10T23:00:47Z
52kDD4xYuBU,2025-03-10T08:00:06Z
-COT7LyQWaI,2025-03-10T06:00:00Z
v_RILZmd-l0,2025-03-09T01:00:50Z
uZMIIBHFaEM,2025-03-08T04:00:40Z
PZ2oVk3KPV4,2025-03-08T01:00:31Z
pDDPF01S07Q,2025-03-07T09:01:06Z
CX6_Cq-N3CY,2025-03-07T06:00:07Z
HFsrXKk97v0,2025-03-07T02:00:14Z
1Hx8m_DDKfM,2025-03-06T23:00:01Z
0FT2Cc-Oeqw,2025-03-06T08:45:00Z
v7h4ke9J98s,2025-03-06T06:29:19Z
gMUOeGmlIus,2025-03-05T23:00:38Z
C0qCQgZOGIE,2025-03-05T08:00:21Z
PIu2-33cesk,2025-03-03T23:00:24Z
U0qBkvCVlR4,2025-03-01T00:00:32Z
F3ed8aMKO3k,2025-02-27T23:00:21Z
oUaIqRO2ddY,2025-02-27T09:00:57Z
3IKb40-JS-c,2025-02-27T06:00:04Z
N61QMa-JFKk,2025-02-27T02:00:11Z
ScDtdePqV-M,2025-02-26T23:00:26Z
FD0e8-349RY,2025-02-26T06:00:08Z
PUk1O_havds,2025-02-26T02:00:25Z
OncKJWXGtzg,2025-02-24T23:00:20Z
OAgfguQ0Iw4,2025-02-21T00:00:27Z
VatnerrCo7Q,2025-02-19T23:00:27Z
_FjO73Jj7sY,2025-02-18T06:00:31Z
8-SmG-DDuuE,2025-02-18T02:00:06Z
nvJQkTOVQD4,2025-02-17T23:55:20Z
1vFMeEsq9RA,2025-02-14T09:00:05Z
kf8o07tG4CI,2025-02-14T02:08:11Z
bLHx-i7Qd2k,2025-02-12T23:00:35Z
YVhnMYz1b3Y,2025-02-12T03:59:26Z
3ipxvoNvVGc,2025-02-11T09:00:06Z
Nbb9ltkY0Jo,2025-02-11T06:00:22Z
CtWjLTbuFCg,2025-02-10T23:00:10Z
5y0yalc2skw,2025-02-10T06:00:51Z
lIybaKNveqo,2025-02-06T23:00:47Z
6KlOaJWP7EY,2025-02-05T23:00:05Z
a6dN7CONAdk,2025-02-05T10:15:01Z
sLJ4GD-X-as,2025-02-03T23:00:49Z
KNdtqxIGhMg,2025-02-03T07:02:01Z
SNmvjOGDGz4,2025-01-24T02:00:15Z
78sWszem5q0,2025-01-24T00:45:00Z
BwdrtVrGD5U,2025-01-23T08:00:13Z
AIRIN16SUE8,2025-01-23T04:48:24Z
e9LPR-b944Y,2025-01-22T06:00:26Z
nNVFmEZMD8c,2025-01-21T06:00:34Z
C5CGrHAKKGU,2025-01-20T23:00:09Z
azNVpHf1Hn0,2025-01-20T05:09:01Z
MdyXZg6pJKs,2025-01-16T09:30:16Z
dtmmRaEPow4,2025-01-16T02:00:24Z
fGHCNLaN1xs,2025-01-15T23:00:37Z
43jBfYgXaqI,2025-01-14T05:42:27Z
3pzCIMteRBM,2025-01-09T23:00:02Z
5Xp1feH8e6Y,2025-01-08T02:10:03Z
MPc0pgDJ1f0,2025-01-07T08:00:30Z
iouy55i0vE8,2025-01-06T05:51:09Z
Emp2BdxHZNw,2025-01-01T23:00:08Z
npTlRlwKWxU,2024-12-30T23:00:48Z
ZXcn65CrBZo,2024-12-30T04:30:11Z
tTYDvFNBz48,2024-12-26T23:00:40Z
L1xSmlZYh1g,2024-12-25T23:00:24Z
mkPKgZu-SzA,2024-12-24T23:00:40Z
edQTcSTv95g,2024-12-24T01:15:02Z
9lufJntNU4Y,2024-12-23T05:53:21Z
14A1sQbBrJs,2024-12-18T23:00:02Z
Pr86ML3XoXY,2024-12-18T02:00:11Z
YkI3Wa5FsUA,2024-12-17T08:00:30Z
6MbBvBrqQSQ,2024-12-17T04:00:03Z
doBiYokqDr4,2024-12-16T23:00:26Z
Nj2aM1ogwfg,2024-12-12T23:00:29Z
oSjAtnLLdyw,2024-12-12T08:11:33Z
WEcpz-Xqs8s,2024-12-11T23:00:31Z
me3gchRpEy0,2024-12-11T09:45:04Z
R5NLBX_oeag,2024-12-10T04:17:29Z
o73Zyri_hHk,2024-12-09T23:50:02Z
dhJjHs3CkFs,2024-12-09T05:03:33Z
mBHIztULPWw,2024-12-05T05:09:26Z
yhZ6EY-tJiw,2024-12-04T23:00:57Z
Lkjk7TzXJTw,2024-12-03T04:00:16Z
8oPhcXUUQMI,2024-12-02T23:00:05Z
Rx5qzGpL6qU,2024-12-02T03:00:20Z
_taaKPM7kTk,2024-11-30T02:00:27Z
JBVRuscjT6I,2024-11-29T09:00:18Z
fYFY2s6gufk,2024-11-29T06:05:58Z
yWLXd0vTkic,2024-11-29T04:07:35Z
7fqCszW1gh4,2024-11-28T11:00:09Z
K1qI7w-vrSg,2024-11-27T23:00:18Z
eB2PwP1jonQ,2024-11-25T23:00:33Z
BJuw3XngK7k,2024-11-22T06:00:11Z
ilpcLJSHslk,2024-11-20T23:00:36Z
Qe3VPdH3QLo,2024-11-20T08:00:17Z
VaC0m08u_nM,2024-11-19T07:00:15Z
AYPImUuHkbk,2024-11-19T02:00:11Z
NzlikQzvvoQ,2024-11-18T23:00:14Z
OanE0ZtEMF4,2024-11-14T04:00:13Z
0k-zA-Wotx4,2024-11-13T23:00:00Z
tpnnDGoiJxY,2024-11-12T06:00:28Z
DK67YGoH7w0,2024-11-12T02:00:12Z
Iq6s0EmWRC8,2024-11-11T23:00:12Z
qc8V6QI1lZM,2024-11-11T08:00:44Z
_FTgwCCwHZA,2024-11-08T06:19:22Z
1JBSjWbmLqQ,2024-11-07T23:00:01Z
NEsonjFs9tw,2024-11-07T04:00:12Z
Jamb5F3uuik,2024-11-06T23:00:13Z
zU26epjHgO8,2024-11-05T04:00:38Z
QEqr1gerc1c,2024-11-04T23:00:15Z
Y7rz2zHU3co,2024-11-01T08:00:24Z
G70Sw839op4,2024-10-31T04:00:17Z
tSUqGjKOIVc,2024-10-30T23:00:47Z
AaB2lviuJ2Q,2024-10-30T08:00:13Z
RMVlIApQaLU,2024-10-30T02:00:15Z
cC0FC5ijUEY,2024-10-29T08:00:23Z
xCV3wNYtd6E,2024-10-29T02:00:34Z
ViJv_hGxLxo,2024-10-28T23:00:22Z
pZA_-q_a3d8,2024-10-25T03:00:45Z
rFbxxUTYWtI,2024-10-24T23:00:35Z
PhFGoj7zHbw,2024-10-24T06:01:11Z
Qve61sTq0TM,2024-10-23T23:00:15Z
UJk6AtQn8uA,2024-10-21T23:00:30Z
vXBBb1c1LCU,2024-10-21T08:00:44Z
_3nEfmQHgNU,2024-10-17T23:00:32Z
ZR8jW4EThq0,2024-10-17T23:00:19Z
MYsmv8_Oir4,2024-10-17T04:00:15Z
zW4JaLqfRTA,2024-10-16T23:00:42Z
ASZ2WRSPN_U,2024-10-16T03:00:12Z
kFyF4tRGJXE,2024-10-15T23:00:32Z
gGsRPuDNxwA,2024-10-15T04:00:25Z
CRlL0HHwg5A,2024-10-14T23:00:10Z
FcL98llTJBY,2024-10-14T03:00:10Z
P17idtjumJ4,2024-10-13T23:00:17Z
wBo9A964pcE,2024-10-11T23:00:36Z
7qJ7XzkYrC0,2024-10-11T04:44:01Z
zh4bkKviM_M,2024-10-10T23:00:36Z
mrL54i0lGXc,2024-10-10T04:00:36Z
Xk5MqfACgpk,2024-10-09T23:00:31Z
r-Yj5z-LYA0,2024-10-09T04:00:43Z
Kt5vRB46qec,2024-10-08T04:00:13Z
nlPl7bkAwsg,2024-10-07T23:00:25Z
MYDsQStZqNA,2024-10-07T08:00:23Z
YB0cqRNTMa0,2024-10-04T08:58:36Z
tFeLT0cwQdw,2024-10-03T23:00:29Z
GEENLqopzaQ,2024-10-02T23:00:16Z
52SLQrK-n_g,2024-10-02T09:08:21Z
rxR_Kc7uG-s,2024-10-02T07:38:01Z
dQs1-bWFrT4,2024-10-01T23:00:23Z
_DNM4b5KOdM,2024-09-30T03:00:25Z
p_NfRYEIF40,2024-09-27T08:00:39Z
VPvzEVbwki0,2024-09-26T05:57:22Z
Z1Up7N2sodA,2024-09-25T23:00:17Z
3qvmNyQjqYU,2024-09-25T03:00:05Z
g3urxG3xXxA,2024-09-24T04:00:32Z
l-RRT2gfLgw,2024-09-23T23:00:31Z
7pmWOJ-LPrI,2024-09-20T07:24:02Z
1TqMIYHhNCY,2024-09-19T05:13:27Z
OHn9MCE03Bs,2024-09-17T23:00:17Z
vf-WpyUylR0,2024-09-13T07:11:06Z
7IEBZRuOSbs,2024-09-12T23:00:05Z
mt-al9fXedA,2024-09-12T04:00:39Z
pxq7kHdbdRE,2024-09-11T23:00:37Z
9JSST58NUuc,2024-09-11T03:00:08Z
AmiVLQBhuHo,2024-09-10T04:00:13Z
wC9ddK5UGlw,2024-09-09T23:00:39Z
1NICZzAzjkU,2024-09-09T03:00:01Z
ZEudqwqMCaY,2024-09-05T07:52:45Z
n43vWbhts0U,2024-09-04T23:00:26Z
U2WBm2TiQcE,2024-09-04T03:00:17Z
36O4SD7VJs4,2024-09-03T07:34:31Z
1HmtOMzhY7Q,2024-09-02T23:00:01Z
e7gKMQeduCg,2024-09-02T03:00:25Z
tgLeddrMC_E,2024-08-29T23:01:59Z
SPh3Wu7GsOg,2024-08-29T06:48:08Z
BxrvnN9b294,2024-08-28T23:00:11Z
1VuQNsHoZf0,2024-08-28T08:00:00Z
dOjt5nLBghA,2024-08-28T04:41:09Z
IrftxDUMwKI,2024-08-27T04:00:18Z
3JsyuSfbNas,2024-08-26T23:00:04Z
v291kPfE_E4,2024-08-26T04:04:17Z
CiCoSo-5Qs4,2024-08-22T04:00:05Z
C2wNcln1jO8,2024-08-21T23:00:10Z
G3Za_k6P8FQ,2024-08-21T00:06:31Z
E4jrJbMbRaM,2024-08-20T04:00:07Z
640cPvKNe1E,2024-08-19T23:00:04Z
wgc1xUNpyTE,2024-08-19T03:00:38Z
tJRwiC-LTC4,2024-08-16T00:02:47Z
T1QWWCOtikE,2024-08-13T08:00:16Z
v-gk-FLm97Q,2024-08-09T06:51:54Z
4z6BY4yTrZU,2024-08-08T04:00:02Z
HIHW84B0UME,2024-08-07T23:00:08Z
rzD7pcI-7xQ,2024-08-06T04:00:29Z
yPuIwDJJ3oQ,2024-08-05T23:00:36Z
EE8I1B0Trl8,2024-08-05T07:00:21Z
m6AKaIrT5J8,2024-08-05T05:05:31Z
r59GrFQfRoE,2024-08-01T04:00:40Z
-oEjWmuInwE,2024-07-31T23:00:00Z
f2BW8BSqD34,2024-07-29T23:00:31Z
tCDPBleXfWg,2024-07-25T08:30:16Z
n4fUt9UDIlI,2024-07-25T04:00:35Z
H_2oquMKZKU,2024-07-24T23:00:07Z
v6Xv-85YgMc,2024-07-24T02:00:19Z
baTUBA0yLPw,2024-07-23T05:50:39Z
iXN6mdgql3U,2024-07-23T02:00:27Z
kw6VYB8j78I,2024-07-22T23:00:31Z
LFu4vQbOOg0,2024-07-22T10:30:05Z
3FIsxxqDE4c,2024-07-22T09:03:58Z
rSEWWwCGw38,2024-07-19T06:00:31Z
x_cWv64xj0E,2024-07-17T23:00:34Z
y1U4IT-N8Ug,2024-07-15T23:00:27Z
6l3WJoQZP7c,2024-07-11T07:17:57Z
TuNHFaPXWp0,2024-07-10T23:00:29Z
CeeaJp8yRmw,2024-07-10T02:30:04Z
pDiXjSKJWC0,2024-07-09T04:00:37Z
_cp9nM4Qi4g,2024-07-08T23:57:08Z
weic9eKVukk,2024-07-08T04:19:14Z
kMCPUkaopBk,2024-07-04T04:00:23Z
4TCBvkQcdsQ,2024-07-03T23:00:02Z
MsUsMw-mi0E,2024-07-02T04:00:13Z
Ton2hKc6jtk,2024-07-01T23:00:13Z
AO9j47xM03g,2024-06-28T06:00:04Z
UgHTxIKH0_M,2024-06-27T04:00:15Z
f23sNU-Dd-Q,2024-06-27T00:09:13Z
VJSD0kOuimM,2024-06-24T23:00:16Z
DYT4IwAWIEM,2024-06-24T05:37:58Z
yy88XSjN4uY,2024-06-21T09:00:54Z
yFzsadNpwLA,2024-06-21T07:10:51Z
bzQoodjuUps,2024-06-20T06:00:16Z
rstU-jtI2bg,2024-06-19T23:00:33Z
jxhZehMS0HE,2024-06-19T09:00:38Z
izTSNRGvrvE,2024-06-19T06:58:14Z
ru8A7Mcl37s,2024-06-19T04:08:08Z
9Es0-wrDHo4,2024-06-17T23:00:03Z
G5b_xhwmZ0U,2024-06-14T06:00:10Z
zT2ZQfN7VdU,2024-06-14T00:39:20Z
e8qv680_2d0,2024-06-13T02:00:16Z
WGTDAZHktzA,2024-06-12T23:00:15Z
xfRexdzFg-o,2024-06-11T02:00:25Z
QBLX2GsgG9Q,2024-06-10T23:00:18Z
pECQXw8UCaM,2024-06-10T03:00:34Z
6KF5a1UcyU8,2024-06-06T23:55:21Z
cs4VXwg4F7g,2024-06-04T02:00:26Z
g1m0AsjEZXc,2024-06-03T23:00:30Z
gk4VYXV3NvE,2024-06-03T06:28:15Z
kmpV2zoplec,2024-05-30T02:00:19Z
TkAq9kLt-tY,2024-05-29T23:00:14Z
wDxVEXfy2bQ,2024-05-29T07:00:34Z
tXe1BvzI8iU,2024-05-29T02:00:22Z
sbIfe-Ie1Z0,2024-05-28T08:00:25Z
o9WNJTCrvzE,2024-05-28T02:00:19Z
WPjRwCGDrV4,2024-05-27T23:00:16Z
W2LiXnXS8sY,2024-05-27T05:30:06Z
kDg2YGR-H-o,2024-05-27T01:46:53Z
ZX3HZo0KHSQ,2024-05-24T07:28:50Z
9W8TII9uumU,2024-05-23T02:00:04Z
Er0xMNbfhLU,2024-05-22T23:00:12Z
BEwONnAQ1H8,2024-05-21T07:55:17Z
KktWFMMvD-s,2024-05-20T23:00:08Z
QCqeJe16cEs,2024-05-20T10:04:43Z
srhBApmXp6A,2024-05-17T09:17:52Z
8ovI7T-q-vY,2024-05-17T00:08:19Z
D6D5vyrirFU,2024-05-16T00:09:32Z
56urz8iwfN0,2024-05-15T23:00:05Z
sIKaPsvj0Q0,2024-05-13T23:00:23Z
87D_lgPtSBY,2024-05-13T09:00:08Z
G9sQXyc--VY,2024-05-13T06:48:53Z
WU0v45uYXBU,2024-05-10T00:00:15Z
1SVBkazcoJs,2024-05-08T23:00:01Z
ybhxI85fjYA,2024-05-08T02:00:32Z
jBLKoSLMZM0,2024-05-06T23:00:31Z
thajoDqlPss,2024-05-03T02:00:19Z
r5TcFyg-bxU,2024-05-02T04:00:27Z
DJApS2qZ8ig,2024-05-02T00:18:04Z
t2NSd4k75MU,2024-04-30T02:00:21Z
WDJfxz5KPTQ,2024-04-29T23:00:13Z
Xqn-kMnw01g,2024-04-27T02:00:21Z
4HDl-5A94Bg,2024-04-26T07:59:50Z
ZvkVU6kzUL8,2024-04-26T00:26:10Z
R140T9Iu6I0,2024-04-25T02:00:12Z
drdxYGY1xtU,2024-04-24T23:00:16Z
RY1vpdP1Oe8,2024-04-23T02:00:17Z
zn3Lg3-jeoU,2024-04-22T23:00:26Z
fqV_DKc5yYw,2024-04-22T07:26:27Z
9T26mrkRSrQ,2024-04-20T03:00:06Z
XKHfWdFGCCA,2024-04-18T23:00:16Z
-5JnMy4oloY,2024-04-18T02:00:00Z
cD5k1wJj7fg,2024-04-17T23:00:24Z
wgSDXg4KbdU,2024-04-17T02:00:30Z
Mfe3NJRJIpQ,2024-04-17T02:00:08Z
RIXeClz5wVQ,2024-04-16T02:04:31Z
SCTqaWOrP_w,2024-04-15T23:00:09Z
DwsUwo-Q144,2024-04-15T08:30:05Z
BntSUlrcQ10,2024-04-15T07:01:36Z
4WH5TUz5Y10,2024-04-12T00:52:49Z
d1IqOjvnxPE,2024-04-11T07:43:04Z
i6TROhG6DMc,2024-04-10T23:00:24Z
e6pKc5AlfF4,2024-04-10T08:00:20Z
BnnvQIDzrCQ,2024-04-10T02:00:06Z
pqYvNWoVAy0,2024-04-09T09:00:41Z
vUNQn94lV_8,2024-04-09T02:00:24Z
1OnkK-f1hpc,2024-04-08T23:00:00Z
oppstwnYThA,2024-04-08T03:00:32Z
51Sv8qJ0u_k,2024-04-05T01:35:41Z
U87wB0o_v0Q,2024-04-03T23:00:15Z
lP3pdcV3rwg,2024-04-03T08:46:47Z
yK4bUxNvKBY,2024-04-02T23:00:23Z
HpQAhlpq6eU,2024-04-01T23:00:13Z
Je1eWDRnD4s,2024-03-29T00:46:19Z
Owt_a4IVSbk,2024-03-28T02:00:07Z
hejERe8WSXE,2024-03-27T23:00:22Z
jZc0GPY30DU,2024-03-26T07:31:48Z
raqA3WItofc,2024-03-25T23:00:26Z
1L-7ahzX9jc,2024-03-22T00:12:49Z
QRohCgbLrAY,2024-03-21T02:00:10Z
QUzxyySqkhM,2024-03-20T23:00:13Z
4wGziB9ZJOU,2024-03-20T09:07:46Z
-2mVOXdCVAc,2024-03-18T23:00:00Z
gGuWkhDOm_g,2024-03-18T03:00:32Z
SQaAOhreC_k,2024-03-15T04:00:20Z
IOWkQc3FDSw,2024-03-14T23:00:14Z
zhv9Tszct8Y,2024-03-14T02:00:19Z
x6ocWH4ckbw,2024-03-13T23:00:28Z
z5kVemDiK2Y,2024-03-13T06:37:48Z
2tWfkHw0PRQ,2024-03-12T09:56:31Z
l88G8HEwxzo,2024-03-11T23:00:28Z
tx3YJiC1hl8,2024-03-11T04:00:25Z
LEKWRNJd12Y,2024-03-08T00:11:05Z
vp5oUHIHNxk,2024-03-07T23:00:28Z
4kg_oRkYsWA,2024-03-07T02:00:04Z
ki2C8yudduc,2024-03-06T23:00:24Z
NJQCVp7Uen8,2024-03-06T02:00:09Z
Yvq-roKqpvk,2024-03-05T02:00:11Z
nkP87loRYPs,2024-03-04T23:00:26Z
eUWN_VkjCZc,2024-03-04T03:00:31Z
uBvcaSdA8Ak,2024-03-01T02:00:21Z
oOghugI8r8Y,2024-02-29T04:54:58Z
7W5U7MJYUwg,2024-02-28T23:00:05Z
cOoYBLbsJlQ,2024-02-28T04:24:51Z
-PpQJnf3IOo,2024-02-26T23:00:00Z
_WI_pNnEqlk,2024-02-23T04:00:28Z
nyijzwf58vo,2024-02-23T00:10:08Z
C_Mq2bAown4,2024-02-22T02:00:05Z
oeWFnMEt_gg,2024-02-21T23:00:25Z
0RqlHfcZkT4,2024-02-21T02:00:00Z
kuTWChh5Plk,2024-02-20T08:58:56Z
zfVweWYI8iQ,2024-02-19T23:00:37Z
uxHe7H-XsdU,2024-02-19T03:00:28Z
Y5inVz2yp3E,2024-02-15T23:00:18Z
6TSk8lIW_Vs,2024-02-15T02:00:02Z
UfEKe-b4S2g,2024-02-14T23:00:14Z
Pzi-3ur0ZtY,2024-02-14T04:00:09Z
_65mu_vNKlw,2024-02-14T02:00:19Z
Ks88AmPQ5Gw,2024-02-13T04:00:07Z
6CEkXotSIRU,2024-02-12T23:00:02Z
SC72jG5pAvM,2024-02-08T02:00:12Z
IXh_nXFgp_U,2024-02-07T23:00:21Z
iupKaDlCLQI,2024-02-07T02:00:23Z
AQnYC1UB0E4,2024-02-07T01:53:35Z
VFYRf7gsDUc,2024-02-07T01:52:43Z
CKYRlWpEly8,2024-02-06T02:00:08Z
BrSrBgsOdU0,2024-02-05T23:00:09Z
XDPYJCcjFvU,2024-02-05T02:00:12Z
_FqIou6_t14,2024-02-02T00:01:07Z
kBJXiaaiuAY,2024-02-01T02:00:19Z
UNjuFu1a1Cs,2024-01-31T23:00:29Z
PoUBf-2nT7g,2024-01-30T07:28:46Z
AjfLCfylFV0,2024-01-29T23:00:08Z
hBtrJmSLcmg,2024-01-25T23:00:34Z
sKyOdXpOnn8,2024-01-25T02:00:29Z
saqyF9fT1RI,2024-01-24T23:00:29Z
a2wM0RE2R5I,2024-01-24T06:00:01Z
aHu5yn5M56E,2024-01-24T03:00:00Z
FNO32KUu_EQ,2024-01-23T02:00:10Z
v5QHl7IyTgU,2024-01-22T23:00:29Z
sHbFEj8slqA,2024-01-22T05:13:38Z
Ti6lH5KAd7Y,2024-01-18T23:00:23Z
wGtXPyff1IE,2024-01-18T01:10:27Z
T4I3hp_SJpg,2024-01-17T23:00:24Z
Ed1Sc1NcBgQ,2024-01-16T02:00:07Z
zeGQJ7T0njA,2024-01-15T23:00:30Z
L_0gQEjwvHo,2024-01-15T04:00:08Z
WlnpxvwAoP0,2024-01-12T00:09:15Z
oz0b0s1YTh4,2024-01-11T02:00:17Z
Ro_8bQ6BN-M,2024-01-10T23:00:27Z
4USvjWXi-_M,2024-01-09T04:00:02Z
l9A6C7UKFn4,2024-01-08T23:00:23Z
gSdhPxw4sc0,2024-01-08T03:00:31Z
oYWoPL1BGyM,2024-01-05T01:18:55Z
YwNahEunRZo,2024-01-04T02:00:18Z
pga2twk4F-0,2024-01-03T23:00:35Z
ZxVc75coaxE,2024-01-03T04:00:13Z
Z92WYhaBNz0,2024-01-02T08:30:02Z
XfW6o9eozes,2024-01-02T08:29:34Z
AHl4FqLQZoM,2024-01-02T06:18:09Z
o98bER3f3GA,2024-01-01T23:00:24Z
0PC27LS1E1A,2024-01-01T00:00:02Z
8DSsKxUv3OE,2023-12-28T08:30:55Z
4ZjqwbuQOSg,2023-12-27T23:00:02Z
Ch_bfxlZoaY,2023-12-26T08:41:52Z
Wi7SXbbmE3M,2023-12-25T23:00:24Z
GmD-VBljZPM,2023-12-25T09:00:17Z
z1wH61pVTTs,2023-12-25T06:00:24Z
TPBXtvmz_Xk,2023-12-25T03:00:25Z
ZQiVAFAT-DA,2023-12-21T23:00:19Z
yI0mkq0OrlE,2023-12-21T09:02:08Z
qUe9hTwJf7M,2023-12-20T23:00:34Z
701HOntAJIo,2023-12-18T23:00:03Z
djANDxgUM_I,2023-12-18T05:52:57Z
UqAB91WNzn4,2023-12-15T00:48:15Z
jGzs2xkkVFs,2023-12-14T02:00:15Z
kU2wVQLafhQ,2023-12-13T23:00:32Z
cY2iH9bqkqs,2023-12-12T10:55:16Z
9eFtrxk9hcQ,2023-12-11T23:00:05Z
RkvcsKVlxss,2023-12-11T09:51:26Z
Vwnc3CgIi_E,2023-12-11T03:00:23Z
Vt1xxm6KJTQ,2023-12-08T00:17:14Z
F40TUk982oA,2023-12-06T23:00:11Z
LwUe-3BHxJY,2023-12-05T02:04:17Z
KfYZe2Ec1nw,2023-12-04T23:00:10Z
qiB_rLSi-SE,2023-12-01T00:29:46Z
s7DoKyrmqno,2023-11-30T02:00:22Z
6w1wYpo9aQ4,2023-11-29T23:00:06Z
v-eL5DNSNSc,2023-11-28T02:00:21Z
tWJyeqMEJds,2023-11-27T23:00:35Z
NI18UXLQKZg,2023-11-27T08:00:21Z
ENyIrpf73T0,2023-11-24T00:50:11Z
Jt2qEVxobe8,2023-11-23T05:08:00Z
MWQA4OFPgHU,2023-11-22T23:00:11Z
DCQDpJuB6ts,2023-11-21T10:45:33Z
aLuGwRDEXsU,2023-11-20T23:00:00Z
CU42-0RIwTQ,2023-11-17T00:28:11Z
oEMwjsULV5I,2023-11-16T08:04:36Z
uOqZkGVtPR8,2023-11-15T23:00:35Z
ApIWs08jfHk,2023-11-14T06:16:10Z
YdLRePRCqwI,2023-11-13T23:00:19Z
OXox-myKpj8,2023-11-13T08:00:24Z
xvq3h6ZSgVU,2023-11-10T06:25:22Z
Q09WVujDwX0,2023-11-09T02:00:01Z
BoFzEa20Koc,2023-11-08T23:00:12Z
n6wN-c7eUhg,2023-11-07T04:47:33Z
jHcidHS2DBk,2023-11-06T23:00:33Z
uywGlXcIT1E,2023-11-04T15:00:52Z
LmKSO_wgkKc,2023-11-03T06:54:32Z
cmXeKASJ_vo,2023-11-03T02:06:39Z
tamiAFRTvvk,2023-11-02T06:01:25Z
Ty0DToksq4o,2023-11-01T09:00:22Z
aNlfRH5ljms,2023-11-01T02:00:00Z
p63yNzp0pfA,2023-10-31T05:16:09Z
ltTUjdNrnV4,2023-10-30T23:00:34Z
CSThFFyylhs,2023-10-26T04:48:32Z
2ub42ffOqAc,2023-10-25T23:00:02Z
_dS5Qf21-II,2023-10-23T23:00:24Z
2VCn9IZMkwE,2023-10-20T02:00:01Z
2-QzIxdM-7g,2023-10-19T23:00:02Z
4eO6tPMHDMA,2023-10-19T08:02:31Z
1qJRg0oXogk,2023-10-18T23:00:01Z
uAQvnm3c0r4,2023-10-17T02:30:25Z
ygwtBt4RV4s,2023-10-16T23:00:32Z
pMriH9Ok-LY,2023-10-13T00:06:26Z
qdsBweYnN48,2023-10-12T06:08:39Z
sVDWxOeg80c,2023-10-11T23:00:24Z
q-eveMducy8,2023-10-10T02:06:11Z
TktKyIo-wZc,2023-10-09T23:00:20Z
qJ-87A11k-s,2023-10-05T07:50:42Z
YtTLs9g685o,2023-10-04T23:00:14Z
KBEMQ04WkQQ,2023-09-27T08:19:13Z
c_H8d75OocE,2023-09-26T06:02:24Z
dZEL_6UcCKQ,2023-09-25T07:00:18Z
oM3WWBe-LzI,2023-09-25T02:00:15Z
63a6uC8neoY,2023-09-20T23:00:03Z
Bk3O36X9Bho,2023-09-19T02:00:03Z
RRnyX4UfDg4,2023-09-18T23:00:09Z
KWR9buhJ9wc,2023-09-17T03:30:07Z
Atk4ZJ6cLsk,2023-09-15T05:24:40Z
u5JdH9xamM8,2023-09-14T07:44:48Z
qrBsws6J1VQ,2023-09-13T23:00:31Z
H9ZdLHMVyFk,2023-09-12T04:49:56Z
kbe0praDE6k,2023-09-11T23:00:19Z
JuUjb9k9yzM,2023-09-08T00:13:17Z
ivNl8Psj0o4,2023-09-07T02:00:16Z
hgDtqEo08Zg,2023-09-06T23:00:19Z
32v0UAeNCow,2023-09-05T14:00:01Z
yKYGc6-8OuI,2023-09-04T23:00:33Z
JBmBCRpajMU,2023-09-03T00:00:08Z
6VJ_iab6JFw,2023-09-01T00:01:59Z
oeoWFxgir9s,2023-08-31T06:59:42Z
aFIUwPVBFlQ,2023-08-30T00:35:35Z
53HTXhG1zoI,2023-08-28T23:00:02Z
1io16D5by7Y,2023-08-28T06:03:10Z
yFvJxZR1g9A,2023-08-25T09:04:27Z
qDG4YEe__OA,2023-08-25T00:31:39Z
0BHgkv8W8xE,2023-08-24T00:33:37Z
6yzVYx-sjB0,2023-08-22T02:00:02Z
VwdpDkQj_iU,2023-08-21T23:00:13Z
ncyULQKDmcg,2023-08-20T23:00:18Z
099wiwekkPw,2023-08-17T02:00:00Z
m3jDSVkJSBE,2023-08-16T23:00:17Z
AH5BS2szL_8,2023-08-16T08:15:48Z
GZE0wO3XPXw,2023-08-15T02:00:09Z
0qsBGYhGr0w,2023-08-15T00:00:00Z
wqtgmFFGdeQ,2023-08-13T23:00:33Z
fpGtG1B_ppY,2023-08-11T01:00:50Z
ZzTf8uVO2v0,2023-08-10T02:00:16Z
IlHnWK_ARmo,2023-08-09T23:00:06Z
rCUyswPDrT4,2023-08-09T02:00:29Z
xJX7qd64uWM,2023-08-08T02:00:20Z
qd0UqkKAh-k,2023-08-07T23:00:33Z
R4G0u4Iwags,2023-08-03T23:00:12Z
E55jr13UyXk,2023-08-03T02:30:06Z
AXXQNv1uWV4,2023-08-02T23:00:05Z
yw0HU2HdlxU,2023-08-02T02:00:30Z
2Uark1aVfbQ,2023-08-01T03:00:02Z
A7ElSVHkTYE,2023-08-01T00:06:03Z
Epmz1Te1G_k,2023-07-31T07:39:27Z
KRBFrSLNwMM,2023-07-30T23:30:08Z
Pw1om9kEnF8,2023-07-28T06:24:22Z
20MWmda3JgM,2023-07-28T00:38:14Z
FMoLWpXcv8A,2023-07-27T00:57:35Z
4zIG7XHkZc0,2023-07-25T04:08:53Z
ZtFalf7blfw,2023-07-25T00:01:32Z
WVKflM7Tz6A,2023-07-24T03:00:28Z
sg5_9reO3hk,2023-07-23T23:42:26Z
uptZlfoID2E,2023-07-21T05:01:25Z
flB5bgrdUjQ,2023-07-21T02:20:03Z
qqw3dM3fDIQ,2023-07-19T23:00:25Z
NXVVYuoR9q0,2023-07-18T01:18:35Z
jyLp6CSTPn8,2023-07-18T01:14:31Z
Nr5YYOYWN9U,2023-07-17T06:55:34Z
dn8SxmeHhSU,2023-07-17T04:08:38Z
rpcpFPXw1eU,2023-07-14T09:34:39Z
VYnpU_Ew4Yk,2023-07-14T02:23:51Z
6-3063ZQL0U,2023-07-13T02:19:58Z
zA8Q0-TapKg,2023-07-11T07:09:40Z
XcZUEkXD8JA,2023-07-10T01:16:51Z
tOJCZ0oTABg,2023-07-10T00:34:28Z
Fwz5r9g-rgM,2023-07-07T03:59:52Z
os5PChNxxjE,2023-07-06T07:54:25Z
0_4Qy4eHL9A,2023-07-06T04:20:35Z
d8_8b2E2F4M,2023-07-05T01:15:54Z
G-VULfkJd4E,2023-07-04T01:51:56Z
Pd-3KB7o2G0,2023-06-30T00:44:57Z
LMrEg1iN7I4,2023-06-29T05:59:31Z
fexA1CakkUM,2023-06-29T02:16:26Z
dzeYPpDLQ8Y,2023-06-27T09:34:31Z
WjIBExw3vtA,2023-06-27T01:24:14Z
X0gXqdWhrUQ,2023-06-25T02:00:11Z
M1CmqW91k-c,2023-06-25T00:00:15Z
kaGfckJZh40,2023-06-24T02:00:27Z
As7qh-7KRYo,2023-06-23T05:23:39Z
1vLJDka_jdw,2023-06-23T00:39:59Z
RG3L7uwqipU,2023-06-22T04:27:35Z
iqgnGlBkcTU,2023-06-19T23:30:11Z
yfzC5wiuXSk,2023-06-18T02:00:31Z
aXrUrMSypss,2023-06-16T06:37:27Z
1L4AYojcqiw,2023-06-15T09:09:08Z
ORQeWstawkU,2023-06-15T07:27:19Z
kMuAuLu2gb0,2023-06-13T02:32:15Z
I-5nWEM617U,2023-06-09T06:17:37Z
wQY8Yw4fCJk,2023-06-08T07:17:24Z
sADHjPn38w0,2023-06-08T06:19:08Z
VvxmP1OZk6w,2023-06-06T02:00:10Z
jgyyoG8CAZQ,2023-06-05T00:32:54Z
4zGgxHlHbJQ,2023-06-04T02:00:03Z
kL7kRYGOm_w,2023-06-02T01:48:47Z
VZa5O44DPFA,2023-06-02T00:54:12Z
__ADw5B4D0o,2023-06-01T06:49:43Z
n2FOHpw2U48,2023-06-01T03:50:09Z
K9henw60kgI,2023-05-30T06:26:01Z
pybZBaojB-Y,2023-05-28T02:00:19Z
_eHzIMlwjfM,2023-05-26T06:49:44Z
tv9L3bs8FEk,2023-05-26T02:11:39Z
8LnEbP9WPGE,2023-05-25T06:00:05Z
5ruPh-ur-T0,2023-05-23T05:51:17Z
mKCGcEZ8Clg,2023-05-23T05:49:49Z
WgEpuWPLv1Q,2023-05-19T07:30:54Z
FUQwsOcq_MY,2023-05-18T01:48:10Z
qHXxlf5exW8,2023-05-18T00:55:48Z
G5WXPZ9AFSI,2023-05-16T07:45:29Z
Nxdan_E_TS8,2023-05-15T22:30:01Z
GAxi2S7XQak,2023-05-15T08:57:25Z
0IOj7QMicBs,2023-05-15T04:14:28Z
F8v82QOGzXE,2023-05-12T07:22:23Z
XMkT4ugsmTw,2023-05-12T07:18:52Z
x2is2ITEhL8,2023-05-11T05:44:28Z
GOa3Lh2JrgE,2023-05-09T15:00:11Z
PDzn1HCEEeU,2023-05-09T04:39:43Z
7OnkD_Ti-T8,2023-05-09T01:19:56Z
Me-HJEaUpjk,2023-05-05T03:00:08Z
sowuBNF21Ps,2023-05-05T01:00:18Z
3w02vPVKhEI,2023-05-04T07:21:37Z
LyjK0rGKeCg,2023-04-28T10:20:39Z
6C_y6p9awZg,2023-04-28T07:44:41Z
cds28V4lPEU,2023-04-28T06:09:05Z
c_IGIHvPowk,2023-04-27T04:52:00Z
LsOXmntQFR4,2023-04-26T01:51:53Z
ZsXSvsqvFoQ,2023-04-26T01:51:19Z
FDUYW1LDLzE,2023-04-26T01:49:32Z
QmPT13VrG4I,2023-04-25T06:17:50Z
HXlAFMmRfwE,2023-04-25T04:39:40Z
c7h65MP3qwE,2023-04-23T01:00:26Z
iEbkDlEApf4,2023-04-22T01:00:16Z
BLZpQu4up5Q,2023-04-21T09:02:27Z
aGi8nS46Bj0,2023-04-21T00:13:01Z
NFsNxsa-CAc,2023-04-20T09:07:45Z
sVCrGCTqTHE,2023-04-18T06:00:20Z
CZxsO866TVM,2023-04-13T06:53:23Z
9FrOkmipfTE,2023-04-13T05:32:40Z
a92sHm6kZbc,2023-04-12T02:01:04Z
cYqsEFf-E4E,2023-04-11T02:20:06Z
PwE3D8E0c0U,2023-04-11T01:25:38Z
w0dWG72k4Co,2023-04-06T04:51:27Z
6oedJ3WCM4w,2023-04-06T04:47:34Z
IEkeApHNipw,2023-04-05T07:54:05Z
XRmhfy_yVNA,2023-04-04T06:30:08Z
iIEXntlJm4Q,2023-04-04T05:33:40Z
hKS1NyY_qEo,2023-03-31T08:55:49Z
t0V4E8z3h7g,2023-03-28T02:14:39Z
_LrI9W_PtzE,2023-03-23T07:15:41Z
r494mJYbZWU,2023-03-23T05:33:17Z
4Tc3hQBaFmg,2023-03-22T09:40:09Z
yPL3FCJ959c,2023-03-21T01:27:59Z
PlEImdLPhak,2023-03-14T03:37:49Z
qT9_JzgKuAQ,2023-03-08T08:42:43Z
pwHc-KE32jI,2023-03-07T00:28:06Z
obv71crtbl0,2023-03-02T04:38:45Z
_6uneZgN20Y,2023-02-28T00:21:59Z
-huhpdAXvmw,2023-02-24T07:46:48Z
erMn2nCS3_w,2023-02-23T01:25:47Z
4wkJw5Q776o,2023-02-21T00:35:18Z
XVEJfoEvIig,2023-02-14T01:07:10Z
x05Qii2z_hM,2023-02-10T06:59:33Z
SeJHEnk0gq4,2023-02-07T00:42:35Z
VzTQsP-SY7A,2023-01-31T00:38:52Z
LWSTzFTb5Lk,2023-01-27T00:33:03Z
oiYugfMEpDQ,2023-01-19T09:29:08Z
Z06VyPTQqCE,2023-01-19T07:19:01Z
LEnECZ8znsA,2023-01-17T05:42:04Z
3SC3Jtir4So,2023-01-12T04:18:46Z
W0mYfKOOOBc,2023-01-10T05:00:33Z
Of05qttYdr4,2023-01-05T06:18:09Z
PET0Wri4E-g,2023-01-03T00:17:11Z
waHiI4p4tMQ,2022-12-30T07:02:21Z
W6vkNDtHIIM,2022-12-26T23:30:08Z
502TdKw02Eo,2022-12-22T04:22:32Z
E6SO2dOpml0,2022-12-19T23:30:04Z
kht31eijaRw,2022-12-15T05:36:44Z
x3SKCQe-yfg,2022-12-13T00:25:10Z
LTCU5AzmvpY,2022-12-09T07:03:34Z
VAZr1Rf-ikU,2022-12-05T23:47:58Z
3YmE0kp0fqo,2022-11-28T23:43:35Z
uH1zR_0jQKY,2022-11-24T04:59:36Z
oMIC5qALlhc,2022-11-21T23:57:18Z
uiEUu3AhZVc,2022-11-17T06:34:09Z
E58uLVuxAwI,2022-11-15T00:08:17Z
CzpOW0vpx-g,2022-11-11T07:37:33Z
ojau622FSNM,2022-11-08T00:52:40Z
NTpnS7a8ZD4,2022-11-03T02:00:12Z
NCQISigQeW0,2022-11-01T02:19:57Z
WbVwVN7MJ5k,2022-10-28T00:00:24Z
4E-yFqrtRww,2022-10-27T08:00:43Z
EklOW7skjt4,2022-10-27T05:34:57Z
qoTuTLAJzOo,2022-10-25T04:45:21Z
7m2EsUgBDOI,2022-10-21T08:46:57Z
sEQuzprLIF0,2022-10-21T06:53:14Z
vof1D7650P0,2022-10-18T08:06:50Z
mUqyoMAjReA,2022-10-11T08:55:44Z
ZOmXZStxsL4,2022-10-11T06:26:11Z
xevNJ4tXw2Q,2022-10-07T07:20:53Z
w5_2tPtyoCE,2022-09-29T01:03:10Z
fL7RXf_JDrQ,2022-09-27T00:28:59Z
aBfDfrGPehg,2022-09-23T08:44:29Z
mwIYNfzXtbE,2022-09-20T04:37:37Z
dpzmBn-YgAo,2022-09-13T01:24:33Z
aWBqQW-CQWE,2022-09-06T00:13:59Z
_U9PSAk5d9k,2022-09-02T07:08:12Z
HEl4Rbn2IOA,2022-08-30T05:41:57Z
fcKIwKqlFd4,2022-08-25T04:00:26Z
6lQdfRZioO0,2022-08-18T05:42:01Z
V5BytJ1Jdw8,2022-08-16T05:15:32Z
S2a8bjCC-38,2022-08-12T07:50:04Z
qy7RHEEcX2U,2022-08-09T05:40:23Z
MtNnS7ylg7c,2022-08-04T09:04:10Z
zH1IpneexBU,2022-08-02T01:05:25Z
wKYCt6ThOuQ,2022-07-26T06:00:56Z
R_JkoTjwhAs,2022-07-22T08:03:29Z
TBTZzUUgmCs,2022-07-18T23:00:10Z
drVu1pjMJ18,2022-07-13T23:20:14Z
X1TNikzWDZ4,2022-07-08T10:57:45Z
RgfFFQaJiUI,2022-06-28T05:24:48Z
Wy3fN7rUMEE,2022-06-24T02:04:07Z
JwPU4Dz6os4,2022-06-03T04:13:13Z
AGcUM3cO_F8,2022-05-27T08:17:29Z
ZDuUOW9wtUc,2022-05-20T06:41:54Z
SQ_JoVI4ewQ,2022-05-13T07:57:47Z
jq1Qtcckt0Q,2022-05-05T01:00:08Z
rWdrpC2eXMo,2022-04-29T07:58:41Z
-zGrmoVK560,2022-04-22T02:13:15Z
IkEn4-QKLwk,2022-04-15T05:50:08Z
ZjMBW1323uc,2022-04-13T05:50:18Z
wbCgR3Qgx_I,2022-04-12T00:18:48Z
o1YP2u4xw50,2022-04-01T07:00:31Z
ZSYmcVA_U-M,2022-04-01T06:26:37Z
ufkYJZwFjEY,2022-03-28T00:54:35Z
8oh-3B4SPHc,2022-03-24T05:22:29Z
hwoofYZurKA,2022-03-04T08:00:44Z
fDu6w26w0wc,2022-02-24T04:55:44Z
i2Vz1jPHyy0,2022-02-18T05:22:29Z
P-tuqmHjf4Y,2022-02-10T06:29:24Z
5iFQtoUTjQA,2022-01-26T08:19:00Z
RFv6toAqbiM,2022-01-21T09:06:23Z
yJNnQwogghQ,2022-01-14T00:25:21Z
ZWqYjusLZWc,2022-01-05T23:00:29Z
ccHM4mMNK6s,2021-12-31T06:11:12Z
0kIbimEIBxI,2021-12-30T07:00:00Z
ATeujkTitbw,2021-12-29T01:06:11Z
YkLhyk6DzBQ,2021-12-24T08:01:39Z
18FAHmKZv3Q,2021-12-23T02:23:39Z
tvGj4KKRINk,2021-12-22T08:04:48Z
_S6w1U1IfDk,2021-12-17T08:54:36Z
V86N-NO7qR4,2021-12-16T08:03:01Z
GkPz_E2DooA,2021-12-15T00:23:09Z
JCkCPVFWtKM,2021-12-10T08:18:19Z
YGlVD3K-v_Y,2021-12-07T23:51:44Z
WCeN74kXGT8,2021-12-03T07:11:48Z
axW-6I4fImU,2021-12-03T05:08:20Z
a_CjfdoEZAU,2021-12-03T00:47:38Z
GtOfuhO5UKc,2021-11-29T00:00:04Z
Q7BrhhLKSWs,2021-11-26T07:53:46Z
ge0NJQEABLE,2021-11-26T02:14:55Z
z8Scu_dNrpo,2021-11-24T07:21:00Z
ukMj-yZRmp4,2021-11-19T02:08:55Z
W1o6kppBNZk,2021-11-05T07:12:22Z
ITWgLvFg4Eg,2021-10-21T23:30:01Z
KRhBOjOInyk,2021-10-15T06:32:10Z
Ez0aG-b7_wg,2021-10-06T06:27:33Z
l3SF4hPXLwE,2021-10-01T01:23:49Z
n3DeZ-lS3Sg,2021-09-15T07:42:53Z
EnyS9H-YqVE,2021-09-10T04:46:32Z
TC_tSN_BxWM,2021-09-07T07:00:17Z
5pWWbFZvPE0,2021-09-01T08:00:04Z
e2lufcE0-yc,2021-08-25T09:43:19Z
vdRM3bgsO4Q,2021-08-18T23:30:04Z
-YFddiJrYqU,2021-08-13T08:36:30Z
XV7xcYj9Le8,2021-08-03T00:30:03Z
R1bqqn7BSrA,2021-07-30T08:00:15Z
LbIojOidmms,2021-07-23T08:33:31Z
nm6hC9F_8JI,2021-07-16T05:58:18Z
jkr_mtrhUE4,2021-07-09T08:36:40Z
SBi4qOsP31Q,2021-07-05T04:54:52Z
E6CX1twbYaY,2021-06-30T08:31:32Z
pq6nFltabu0,2021-06-25T09:30:14Z
2Hu9vCsre98,2021-06-14T08:00:01Z
rl5XRBWR_2w,2021-06-04T09:19:39Z
j8shKPuNQa8,2021-05-28T08:10:19Z
JMpCARqTjBc,2021-05-21T08:00:10Z
xO4H7rYYFPs,2021-05-14T08:36:43Z
v_4h7XDqdok,2021-05-11T08:04:42Z
HKXgZ-LdRxo,2021-05-07T09:59:24Z
D3oNEK93LdA,2021-05-04T09:58:26Z
IZ0sIZmiIfI,2021-04-30T10:03:44Z
Ard-RTVg4bw,2021-04-30T02:34:58Z
gq5OgdRuDcA,2021-04-27T08:00:07Z
_-zpwrPC0WY,2021-04-23T01:09:44Z
SYivT_tB4sc,2021-04-23T00:59:14Z
ixzThBCacLM,2021-04-13T08:00:22Z
7Suleoa8i4o,2021-04-09T10:18:07Z
2aEXmU0k2PI,2021-03-31T07:20:59Z
JlQ65Sk7eMA,2021-03-30T09:37:15Z
UACmWgIup0E,2021-03-23T08:51:48Z
INtrZUkhX7c,2021-03-16T08:00:07Z
2NwpsPP8xCQ,2021-03-08T07:31:23Z
5l5wVDEDpio,2021-03-02T06:36:05Z
_h-rAtRtDAk,2021-03-02T06:36:00Z
ybI9Sx-VmrE,2021-03-02T06:35:56Z
t9yC_fRmS94,2021-03-02T06:35:53Z
6LbYfZ4jqps,2021-02-25T02:21:53Z
s8Z3X0TK224,2021-02-19T08:00:24Z
Y4L8ClIjOvg,2021-02-17T08:00:07Z
YwVoYGYdHls,2021-02-09T08:00:19Z
HN2foqIdHW8,2021-02-05T01:36:34Z
ZRYj8634Z3o,2021-01-28T07:02:39Z
yjZd2069oOw,2021-01-15T08:00:30Z
yv7yBhsWDkc,2021-01-08T09:42:50Z
5nPkxDgU9aU,2020-12-31T04:46:28Z
8mliR2CgcTc,2020-12-24T06:50:20Z
JjKkWDUKxmY,2020-12-17T08:00:04Z
iDsqoCKlOfY,2020-12-15T08:39:01Z
4nKPaYcwPn4,2020-12-10T04:30:37Z
9K6RH75fReI,2020-12-08T07:58:54Z
UmWB25dIPj8,2020-12-03T09:45:07Z
eh1iCoAMo1c,2020-11-27T09:56:02Z
UMRNJCP8AA4,2020-11-24T09:42:27Z
BeGmWpoX9aY,2020-11-19T02:29:57Z
5gaTy0YloYk,2020-11-17T09:13:33Z
shCuHXzK_wI,2020-11-11T09:00:12Z
Z6WsnioQV98,2020-11-06T05:54:55Z
VCdL9ghJgk4,2020-11-04T06:47:44Z
rxcCNqCOiFQ,2020-11-02T08:37:44Z
ZRlLMeAuTBg,2020-10-28T08:54:04Z
PIAxmtT6dKI,2020-10-23T08:00:04Z
mAV7vsIFMo8,2020-10-20T09:37:07Z
MEUypwShueA,2020-10-16T08:28:33Z
GlobJh1qlPg,2020-10-14T09:16:06Z
rdtkGY5x02o,2020-10-12T06:41:42Z
ZFeJvpPXH0s,2020-10-06T09:55:58Z
7VpJn4l1-fc,2020-09-30T05:00:01Z
LKpTNralfgE,2020-09-27T23:30:01Z
DlexkZFKi0A,2020-09-22T09:54:05Z
zrsz7PozWjU,2020-09-18T08:00:11Z
-_iE_NRB-ZU,2020-09-14T23:30:00Z
sSjHZPcERPU,2020-09-11T07:21:37Z
FQvcTUiFAPI,2020-09-04T06:00:01Z
-FsIEtGOFro,2020-08-28T03:18:35Z
C9f6AqIjVbM,2020-08-25T05:56:03Z
UxOGv8ICVWQ,2020-08-21T09:15:01Z
WU47GFO6PQQ,2020-08-19T09:02:44Z
CW5s0MsIQ9s,2020-08-18T09:15:00Z
S8rX-3fmwgs,2020-08-14T09:08:21Z
WbMEodzHx_M,2020-08-13T03:05:08Z
SCS6KCAVeIE,2020-08-07T09:34:23Z
J7Qmwf498F4,2020-08-02T23:45:02Z
SsoKps-WLus,2020-07-27T04:37:05Z
RyMdGvrd8Us,2020-07-23T23:15:00Z
-MlTYcdqNWw,2020-07-17T09:15:00Z
28kbI2w6qzM,2020-07-13T12:21:04Z
Oz-Y_CNXrPU,2020-07-10T08:00:25Z
wo-iUY-sI5Q,2020-07-08T09:15:03Z
2lEhhr8XRB0,2020-07-03T00:15:01Z
aOLN2l6hvBw,2020-06-30T08:30:02Z
fdlem7l7K4U,2020-06-26T07:45:38Z
gt88vxlnkJg,2020-06-23T07:35:08Z
C5T5KHik9vo,2020-06-17T10:30:00Z
FoDSpHnJ08I,2020-06-12T10:30:02Z
Qtu-1X9r7G4,2020-06-05T09:23:54Z
yBo7O4lAqXY,2020-06-04T04:23:12Z
Ai-QhcKhY9U,2020-06-02T02:03:28Z
-kfQn69FAmY,2020-05-25T09:46:15Z
mIe1Mv3qYbg,2020-05-25T07:54:03Z
J-qKUQJ642I,2020-05-08T06:27:42Z
24OCoYQadSk,2020-04-27T08:48:28Z
q6sEBXVhEpA,2020-04-24T04:36:30Z
JC9fXMmSb_8,2020-04-22T01:11:24Z
4bFY_WvJlGU,2020-04-10T05:23:34Z
b9iwuolsO7A,2020-04-03T08:16:42Z
oCLNs_u3AHQ,2020-03-27T07:07:34Z
nR0ZPzr-35Y,2020-03-20T11:05:55Z
AXxDCTqBsJc,2020-03-13T09:34:01Z
TeZZIBfK6_k,2020-03-06T09:13:56Z
rzlZD9lD-Ag,2020-03-02T09:39:51Z
P5d-9DgjYHI,2020-02-25T00:00:04Z
SgI9YY4YpvE,2020-02-21T09:39:05Z
Qnubn_uqb5Y,2020-02-14T09:49:19Z
RmVr9h2EF-Q,2020-02-07T08:37:15Z
M-i7gUrtbIk,2020-02-03T04:36:13Z
OtMTOEP9WUU,2020-01-24T00:00:04Z
pF1FgBmacCI,2020-01-23T04:43:21Z
yttmifYOVA4,2020-01-17T07:12:53Z
FP7ivMtoodk,2020-01-13T06:11:11Z
ariWGr_KiWI,2020-01-03T05:26:17Z
Pgfcm8enZ2o,2019-12-27T01:30:01Z
SNpzlpkBlZA,2019-12-24T01:22:08Z
ndTHquhShrs,2019-12-20T01:55:25Z
dFHi0MkVQsc,2019-12-17T11:39:01Z
wEkyzdGGmAQ,2019-12-06T07:48:35Z
4H7VvTALw90,2019-12-03T01:28:27Z
7knmNPpiDvU,2019-11-28T06:05:28Z
HR7bqS2TYTU,2019-11-22T01:42:50Z
-DsDymUzELY,2019-11-19T04:33:52Z
FyLf-Hw4pN4,2019-11-15T05:01:07Z
E1siafUyrY0,2019-11-11T09:37:21Z
WUy76_j6qjI,2019-11-07T10:12:41Z
EMLy8__RfPE,2019-11-04T02:43:51Z
DuQfT625nEc,2019-10-25T00:23:06Z
UOa7x-11lnA,2019-10-18T05:05:30Z
_sBZ88WWOpg,2019-09-30T08:12:29Z
cGiRqlzQbHk,2019-09-24T05:37:44Z
lmAjTUUxG_Y,2019-09-05T08:48:49Z
MXdXF5rOJuE,2019-09-03T09:11:12Z
4b5p57Fv9pM,2019-08-30T09:31:57Z
HrfinPf19qg,2019-08-30T09:26:47Z
9j7UWCXGGss,2019-08-30T09:02:20Z
bVQcH30LCpA,2019-08-30T08:56:27Z
840rwZ1eIEY,2019-08-29T09:21:20Z
dDI5TYty4Kg,2019-08-14T06:27:38Z
VdIRt292aqE,2019-08-14T00:00:06Z
_dAs5HeOD8I,2019-08-12T08:36:56Z
2wmCBcGYvWA,2019-08-09T03:46:59Z
UTD7FqZNsKU,2019-07-26T04:43:14Z
z7bhMhY0KGg,2019-07-17T05:14:21Z
GerihZa9DFk,2019-07-02T01:08:36Z
nXuDZ5LwR1M,2019-06-27T07:21:19Z
kp6qy-_cgzU,2019-06-18T06:51:11Z
jp91QitPKBI,2019-06-05T00:52:56Z
qxS7CYtsiIc,2019-05-29T00:55:09Z
fPRIpEerQds,2019-05-20T09:38:57Z
vnwkt2dLwmQ,2019-05-14T01:15:38Z
7acF21nX7qE,2019-05-03T08:15:54Z
JbcoeQWrq1Y,2019-04-19T09:00:59Z
-InZ4v9flqY,2019-04-12T07:06:05Z
cooZy8Q-Qkc,2019-04-05T06:37:32Z
SXuOnX1ThKA,2019-04-03T01:53:19Z
